{
	"username":	"剑心无痕",
	"level":	45,
	"exp":	1283500,
	"gold":	677,
	"race":	1,
	"class":	3,
	"strength":	120,
	"physique":	95,
	"endurance":	88,
	"agility":	135,
	"intelligence":	60,
	"max_hp":	8500,
	"hp":	7200,
	"max_mp":	3200,
	"mp":	2800,
	"attack":	1580,
	"defense":	920,
	"speed":	210,
	"magic_attack":	450,
	"magic_defense":	680,
	"dodge_rate":	0.15000000596046448,
	"crit_rate":	0.23000000417232513,
	"equipment":	[10001, 10023, 10045, 10067, 10089, 10102],
	"invertory":	[[0, 0], [0, 0], [0, 0], [0, 0], [0, 0], [0, 0]],
	"inventory_count":	6,
	"skills":	[[3001, 10], [3005, 8], [3012, 5], [3020, 3]],
	"skill_count":	4,
	"current_map":	1003,
	"pos_x":	256,
	"pos_y":	128,
	"contribution":	4500,
	"reputation":	12800
}